calidad,estacion,variable_ref,registros,primero,ultimo,pct,rachas,racha_mediana,racha_max,v_min,v_mediana,v_max
1.0,35,p1,214388,2025-12-01 00:00:00,2026-04-30 23:59:00,98.59639440765268,101,774.0,16659,0.0,0.0,2.286
2.0,35,p1,2944,2025-12-14 09:37:00,2025-12-16 10:40:00,1.3539367181751287,1,2944.0,2944,0.0,0.0,0.508
151.0,35,p1,9,2026-01-08 11:26:00,2026-03-25 19:46:00,0.0041390728476821195,8,1.0,2,0.254,1.143,2.032
251.0,35,p1,1,2025-12-16 10:51:00,2025-12-16 10:51:00,0.000459896983075791,1,1.0,1,2.032,2.032,2.032
1511.0,35,p1,43,2025-12-01 23:00:00,2026-04-28 04:44:00,0.019775570272259013,41,1.0,2,0.254,0.254,2.032
1512.0,35,p1,54,2025-12-01 04:03:00,2026-04-29 11:57:00,0.024834437086092714,54,1.0,1,0.0,0.0,0.0
2512.0,35,p1,1,2025-12-16 10:52:00,2025-12-16 10:52:00,0.000459896983075791,1,1.0,1,0.0,0.0,0.0
1.0,367,t,216712,2025-12-01 00:00:00,2026-04-30 23:59:00,99.68490825540371,484,6.0,35676,13.45,18.3,28.6
154.0,367,t,105,2026-01-31 05:18:00,2026-02-25 05:03:00,0.04829873457315419,2,52.5,57,15.8,16.63,16.9
1511.0,367,t,508,2026-01-01 10:39:00,2026-04-29 16:21:00,0.2336738777444031,449,1.0,10,15.31,18.605,26.42
1567.0,367,t,72,2026-03-04 14:20:00,2026-04-27 15:16:00,0.033119132278734295,10,2.0,49,17.2,21.4,22.4
1.0,803,nivel,191042,2025-12-01 00:00:00,2026-04-30 23:59:00,87.90896290229065,6637,8.0,1276,-3.5,2.5999755859375,36.20001220703125
2.0,803,nivel,42,2026-01-08 12:05:00,2026-03-02 11:58:00,0.019326516901499186,29,1.0,11,0.20001220703125,5.20001220703125,11.70001220703125
151.0,803,nivel,7955,2025-12-02 18:10:00,2026-04-30 23:30:00,3.6605343321768102,167,3.0,1350,-4.4000244140625,164.89999389648438,344.29998779296875
251.0,803,nivel,394,2025-12-04 09:35:00,2025-12-07 06:33:00,0.1813011347426352,2,197.0,393,57.9000244140625,157.70001220703125,249.0
1502.0,803,nivel,14333,2025-12-01 05:26:00,2026-04-30 22:27:00,6.595403970218758,5711,2.0,29,-7.0999755859375,4.5,32.29998779296875
1504.0,803,nivel,2987,2025-12-02 07:17:00,2025-12-31 07:34:00,1.3744834758280493,740,2.0,157,-4.0999755859375,-0.5,-0.0999755859375
2502.0,803,nivel,565,2025-12-13 13:10:00,2026-02-18 14:23:00,0.25998766784159616,165,2.0,42,0.0999755859375,8.5999755859375,29.20001220703125
1.0,6004,radiacion,213093,2025-12-01 00:00:00,2026-04-30 23:59:00,99.19468585765956,657,32.0,2879,0.0,0.0,1360.38
1582.0,6004,radiacion,977,2025-12-01 10:58:00,2026-04-30 23:04:00,0.45479301564543834,126,7.5,21,0.02,2.73,20.5
1583.0,6004,radiacion,753,2025-12-01 11:11:00,2026-04-28 15:10:00,0.3505211266950001,332,2.0,14,0.95,1153.8,1611.03
