estacion,metodo,n_alertas,n_etiqueta,precision,exhaustividad,f1,precision_tol,exhaustividad_tol,f1_tol
35,reglas,394,3052,0.06852791878172589,0.008846657929226736,0.01567034242600116,0.09644670050761421,0.010484927916120577,0.018913706215392272
35,mad,0,3052,0.0,0.0,0.0,0.0,0.0,0.0
35,iforest,1088,3052,0.014705882352941176,0.005242463958060288,0.007729468599033816,0.014705882352941176,0.007208387942332897,0.00967458223394899
35,regimen,0,3052,0.0,0.0,0.0,0.0,0.0,0.0
35,estadistico,1088,3052,0.014705882352941176,0.005242463958060288,0.007729468599033816,0.014705882352941176,0.007208387942332897,0.00967458223394899
35,union,1366,3052,0.02342606149341142,0.010484927916120577,0.014486192847442283,0.0314787701317716,0.012778505897771953,0.01817787653785703
367,reglas,5912,685,0.03738159675236807,0.32262773722627736,0.06700015158405336,0.046515561569688765,0.32554744525547447,0.08140031100029134
367,mad,3747,685,0.016279690419001867,0.08905109489051095,0.02752707581227437,0.03549506271684014,0.13284671532846715,0.05602177364481742
367,iforest,1087,685,0.015639374425023,0.024817518248175182,0.019187358916478554,0.03311867525298988,0.059854014598540145,0.042642321637511374
367,regimen,61,685,0.0,0.0,0.0,0.0,0.0,0.0
367,estadistico,4446,685,0.016194331983805668,0.10510948905109489,0.028064704735918922,0.033513270355375616,0.14452554744525548,0.054409749566134716
367,union,9471,685,0.030091859360152042,0.41605839416058393,0.05612445844820796,0.04350121423292155,0.44963503649635034,0.07932765040221448
803,reglas,17497,26276,0.5809567354403612,0.38685492464606486,0.46444155072761745,0.6263359433045665,0.44089663571319837,0.5175055853024877
803,mad,7660,26276,0.760574412532637,0.22172324554726747,0.3433521923620933,0.8336814621409921,0.29395646217080224,0.434653797827726
803,iforest,1087,26276,0.8104875804967802,0.03352869538742579,0.06439352410188942,0.9199632014719411,0.06268077332927387,0.11736499969768002
803,regimen,974,26276,0.364476386036961,0.013510427766783377,0.026055045871559636,0.43634496919917864,0.014423808798903943,0.027924544526104485
803,estadistico,9003,26276,0.7222037098744862,0.2474501446186634,0.36860455228322797,0.7948461623903144,0.32265184959659005,0.45898709740700966
803,union,25056,26276,0.6121886973180076,0.5837646521540569,0.5976388997116808,0.669500319284802,0.6661972903029381,0.6678447207854925
6004,reglas,289,1730,0.1245674740484429,0.020809248554913295,0.03566121842496286,0.17301038062283736,0.05838150289017341,0.0873030279456128
6004,mad,2898,1730,0.10766045548654245,0.18034682080924855,0.13483146067415733,0.158040027605245,0.18901734104046242,0.17214621267067665
6004,iforest,512,1730,0.30078125,0.08901734104046242,0.13737734165923282,0.353515625,0.1393063583815029,0.19985705187825586
6004,regimen,3779,1730,0.026197406721354857,0.05722543352601156,0.03594118714830278,0.039163799947075945,0.05722543352601156,0.04650240176716744
6004,estadistico,6940,1730,0.06368876080691642,0.25549132947976877,0.10196078431372547,0.09380403458213256,0.2832369942196532,0.14093305911642365
6004,union,7193,1730,0.06520227999443903,0.27109826589595376,0.1051215958758265,0.09592659530098707,0.3236994219653179,0.14799551110923861
