estacion,variable,tipo,filas,esperadas,orden_creciente,ts_duplicados,intervalos_distintos_60s,segundos_no_cero,nulos,centinela,negativos,ceros,minimo,p01,mediana,p99,maximo,media,desviacion,asimetria
35,p1,float64,217440,217440,True,0,0,0,0,7,0,215212,0.0,0.0,0.0,0.254,2.286,0.0039005394765284024,0.048169010035953023,19.911730755683685
35,p2,float64,217440,217440,True,0,0,0,0,7,0,215192,0.0,0.0,0.0,0.254,2.286,0.003947266514282561,0.04877127224296998,20.092987838424282
367,h,float64,217397,217440,True,0,22,0,0,0,0,0,35.94,46.63,86.0,99.0,100.0,81.44992336600781,14.095989444634279,-0.7963192564705356
367,t,float64,217397,217440,True,0,22,0,0,0,0,0,13.45,15.0,18.3,26.74,28.6,19.330235651825923,3.0347546360247133,0.7926063273317652
367,pr,float64,217397,217440,True,0,22,0,0,0,0,0,809.51,811.29,816.2,819.8204000000002,821.8,815.9773502394237,1.920535512241451,-0.39266269971678575
367,vv,float64,217397,217440,True,0,22,0,0,0,0,67,0.0,0.06,0.6,2.61,13.47,0.7295249244469795,0.5414943291941297,2.475629792868123
367,vv_max,float64,217397,217440,True,0,22,0,0,0,0,46,0.0,0.3,1.0,4.8,14.3,1.3102098925008163,0.9362235110547203,2.395744524656897
367,dv,float64,217397,217440,True,0,22,0,0,0,0,592,0.0,3.0,189.0,355.0,359.0,178.25438253517757,106.00068338978157,-0.10033212023169641
367,dv_max,float64,217397,217440,True,0,22,0,0,0,0,306,0.0,2.0,216.0,357.0,360.0,187.7819197137035,111.5647611977501,-0.3120475770261054
367,p,float64,217397,217440,True,0,22,0,0,0,0,207849,0.0,0.0,0.0,0.03,0.52,0.0012355276291761157,0.01091183484161299,19.372377554099625
803,nivel,float64,217318,217440,True,0,20,0,0,0,11680,1897,-7.0999755859375,-1.20001220703125,2.70001220703125,246.70001220703125,344.29998779296875,8.727744736046235,36.80259533960087,6.920278698106635
6004,radiacion,float64,214824,217440,True,0,230,15,0,0,0,109189,0.0,0.0,0.0,1138.7607999999996,1611.03,211.70116034521283,330.2089904886369,1.5085327077777584
