estacion,variable,t,delta,z
367,t,2026-03-08 04:00:00,-6.055,6.028105606835103
803,nivel,2025-12-02 18:00:00,245.77495574951172,255.04366905289487
803,nivel,2025-12-03 06:00:00,-244.4249496459961,253.64275125460082
803,nivel,2025-12-03 19:00:00,242.57496643066406,251.72300110965347
803,nivel,2025-12-04 15:00:00,-246.625,255.92577033876717
803,nivel,2025-12-06 19:00:00,154.42498779296875,160.24869320008207
803,nivel,2025-12-07 10:00:00,-155.30001831054688,161.15672304004605
803,nivel,2025-12-08 02:00:00,164.0500259399414,170.23671267217128
803,nivel,2025-12-08 19:00:00,-173.17499542236328,179.70580479221815
803,nivel,2026-02-14 20:00:00,5.9500274658203125,6.174416067823157
803,nivel,2026-02-15 08:00:00,-6.0000152587890625,6.226289010238006
803,nivel,2026-03-12 23:00:00,325.25,337.51589174935236
803,nivel,2026-03-13 16:00:00,-325.9749755859375,338.2682077566827
803,nivel,2026-03-14 15:00:00,19.925003051757812,20.676418672167888
803,nivel,2026-03-15 14:00:00,-15.849990844726562,16.447728806078267
803,nivel,2026-03-16 02:00:00,14.324996948242188,14.865224040869217
803,nivel,2026-03-17 15:00:00,-15.5999755859375,16.18828492284649
6004,radiacion,2025-12-05 13:00:00,-273.9,10.085946375713077
6004,radiacion,2025-12-06 01:00:00,273.9,10.085946375713077
6004,radiacion,2025-12-12 10:00:00,-207.68124999999998,7.647542719025415
6004,radiacion,2025-12-12 22:00:00,207.68124999999998,7.647542719025415
6004,radiacion,2026-01-02 10:00:00,-204.89499999999995,7.544943346665683
6004,radiacion,2026-01-02 22:00:00,204.89499999999995,7.544943346665683
6004,radiacion,2026-01-08 10:00:00,-280.55625,10.331052547904898
6004,radiacion,2026-01-08 22:00:00,280.55625,10.331052547904898
6004,radiacion,2026-01-09 11:00:00,-197.16374999999994,7.260251952298279
6004,radiacion,2026-01-09 23:00:00,197.16374999999994,7.260251952298279
6004,radiacion,2026-01-11 10:00:00,-280.11999999999995,10.31498831239411
6004,radiacion,2026-01-11 22:00:00,280.11999999999995,10.31498831239411
6004,radiacion,2026-01-12 10:00:00,-245.71375000000003,9.048031056134974
6004,radiacion,2026-01-12 22:00:00,245.71375000000003,9.048031056134974
6004,radiacion,2026-01-23 11:00:00,179.14625,6.596785216904304
6004,radiacion,2026-01-23 23:00:00,-179.14625,6.596785216904304
6004,radiacion,2026-01-30 10:00:00,-187.78749999999997,6.914985962136615
6004,radiacion,2026-01-30 22:00:00,187.78749999999997,6.914985962136615
6004,radiacion,2026-01-31 10:00:00,-200.33749999999998,7.377120416372465
6004,radiacion,2026-01-31 22:00:00,200.33749999999998,7.377120416372465
6004,radiacion,2026-02-01 10:00:00,-249.12875000000003,9.17378318053461
6004,radiacion,2026-02-01 22:00:00,249.12875000000003,9.17378318053461
6004,radiacion,2026-02-02 10:00:00,-173.88,6.402863657572069
6004,radiacion,2026-02-02 22:00:00,173.88,6.402863657572069
6004,radiacion,2026-02-06 10:00:00,-258.25,9.5096591877616
6004,radiacion,2026-02-06 22:00:00,258.25,9.5096591877616
6004,radiacion,2026-02-22 11:00:00,-172.96374999999998,6.369124160066603
6004,radiacion,2026-02-22 23:00:00,172.96374999999998,6.369124160066603
6004,radiacion,2026-02-28 11:00:00,175.85000000000002,6.475405878675227
6004,radiacion,2026-02-28 23:00:00,-175.85000000000002,6.475405878675227
6004,radiacion,2026-03-06 10:00:00,-205.04625000000004,7.550512895367134
6004,radiacion,2026-03-06 22:00:00,205.04625000000004,7.550512895367134
6004,radiacion,2026-03-08 10:00:00,-344.1112499999999,12.671367706387718
6004,radiacion,2026-03-08 22:00:00,344.1112499999999,12.671367706387718
6004,radiacion,2026-03-09 10:00:00,164.60250000000002,6.061233984331186
6004,radiacion,2026-03-09 22:00:00,-164.60250000000002,6.061233984331186
6004,radiacion,2026-03-13 11:00:00,207.87750000000003,7.654769323538866
6004,radiacion,2026-03-13 23:00:00,-207.87750000000003,7.654769323538866
6004,radiacion,2026-03-14 11:00:00,198.37125000000003,7.304716283253644
6004,radiacion,2026-03-14 23:00:00,-198.37125000000003,7.304716283253644
6004,radiacion,2026-03-16 12:00:00,223.38000000000002,8.225625050773228
6004,radiacion,2026-03-17 00:00:00,-223.38000000000002,8.225625050773228
6004,radiacion,2026-03-18 10:00:00,-194.21625000000006,7.1517147966122145
6004,radiacion,2026-03-18 22:00:00,194.21625000000006,7.1517147966122145
6004,radiacion,2026-03-20 11:00:00,202.10250000000008,7.442113827665399
6004,radiacion,2026-03-20 23:00:00,-202.10250000000008,7.442113827665399
6004,radiacion,2026-03-22 12:00:00,238.60125,8.786124179182584
6004,radiacion,2026-03-23 00:00:00,-238.60125,8.786124179182584
6004,radiacion,2026-03-25 11:00:00,233.10875000000004,8.583871311462234
6004,radiacion,2026-03-25 23:00:00,-233.10875000000004,8.583871311462234
6004,radiacion,2026-03-27 11:00:00,-272.85124999999994,10.047327769427827
6004,radiacion,2026-03-27 23:00:00,272.85124999999994,10.047327769427827
6004,radiacion,2026-03-29 10:00:00,202.555,7.45877644444163
6004,radiacion,2026-03-29 22:00:00,-202.555,7.45877644444163
6004,radiacion,2026-04-04 12:00:00,162.98874999999995,6.001810121739702
6004,radiacion,2026-04-05 00:00:00,-162.98874999999995,6.001810121739702
6004,radiacion,2026-04-12 10:00:00,201.61874999999998,7.424300477686384
6004,radiacion,2026-04-12 22:00:00,-201.61874999999998,7.424300477686384
6004,radiacion,2026-04-18 10:00:00,226.39125,8.336509702192965
6004,radiacion,2026-04-18 22:00:00,-226.39125,8.336509702192965
6004,radiacion,2026-04-23 10:00:00,171.36249999999995,6.310160590756231
6004,radiacion,2026-04-23 22:00:00,-171.36249999999995,6.310160590756231
