estacion,codigo,registros,reglas,mad,iforest,regimen,estadistico,union
35,1,214388,0.001711849543817751,0.0,0.005000279866410434,0.0,0.005000279866410434,0.0062223631919696995
35,2,2944,0.0,0.0,0.00033967391304347825,0.0,0.00033967391304347825,0.00033967391304347825
35,151,9,0.8888888888888888,0.0,0.1111111111111111,0.0,0.1111111111111111,0.8888888888888888
35,251,1,1.0,0.0,1.0,0.0,1.0,1.0
35,1511,43,0.13953488372093023,0.0,0.09302325581395349,0.0,0.09302325581395349,0.18604651162790697
35,1512,54,0.2037037037037037,0.0,0.14814814814814814,0.0,0.14814814814814814,0.24074074074074073
35,2512,1,1.0,0.0,1.0,0.0,1.0,1.0
367,1,216712,0.026260659308206282,0.0170087489386836,0.004937428476503377,0.0002814795673520617,0.020183469304883902,0.04238805419173834
367,154,105,1.0,0.0,0.0,0.0,0.0,1.0
367,1511,508,0.20669291338582677,0.06299212598425197,0.005905511811023622,0.0,0.06692913385826772,0.2677165354330709
367,1567,72,0.1527777777777778,0.4027777777777778,0.19444444444444445,0.0,0.5277777777777778,0.6111111111111112
803,1,191042,0.038378995194773925,0.009599983249756599,0.0010782969190021043,0.0032401252080694297,0.013091362108855644,0.05086316098030799
803,2,42,0.0,0.07142857142857142,0.0,0.0,0.07142857142857142,0.07142857142857142
803,151,7955,0.6825895663104965,0.08598365807668133,0.09327467001885606,0.03997485857950974,0.1639220615964802,0.7293526084223758
803,251,394,0.9974619289340102,0.015228426395939087,0.04060913705583756,0.0,0.04060913705583756,0.9974619289340102
803,1502,14333,0.09251377939021838,0.3308449033698458,0.007325751761668876,0.002232610060699086,0.3336356659457197,0.4065443382404242
803,1504,2987,1.0,0.02176096417810512,0.004017408771342484,0.0016739203213927017,0.023434884499497825,1.0
803,2502,565,0.05132743362831858,0.5769911504424778,0.010619469026548672,0.0,0.5787610619469027,0.5787610619469027
6004,1,213093,0.001187275039536728,0.012135546451549323,0.0016800176448780579,0.017269455120534228,0.03049372809055201,0.031554297888715256
6004,1582,977,0.0255885363357216,0.0,0.0,0.08700102354145343,0.08700102354145343,0.1105424769703173
6004,1583,753,0.014608233731739707,0.41434262948207173,0.20451527224435592,0.01859229747675963,0.47410358565737054,0.47941567065073043
